cohort,time,event_time,estimate,std_error
21,1,-20,-0.06868568302766737,0.038295173298222004
21,2,-19,-0.051677156704009256,0.04023584323232617
21,3,-18,-0.04632612246716811,0.038456725260129006
21,4,-17,-0.030752462410429365,0.031233447031359482
21,5,-16,-0.05111746359802882,0.02666564044562326
21,6,-15,-0.029536250753442295,0.02952742953020934
21,7,-14,-0.029984411135846607,0.028951206678216476
21,8,-13,-0.016962324103901055,0.022759037054203724
21,9,-12,-0.03901212828147846,0.016107392155651615
21,10,-11,-0.02168752150409768,0.019930881489447296
21,11,-10,-0.022188169897507257,0.019953872706409748
21,12,-9,-0.01110310086438121,0.01164821571898674
21,13,-8,-0.02608754389761514,0.012619681871024704
21,14,-7,-0.014884564492197067,0.014843174582200995
21,15,-6,-0.012722187198530206,0.01680277906764494
21,16,-5,-0.010756692675076718,0.005659103490215906
21,17,-4,-0.02962022363472875,0.005923996025611659
21,18,-3,-0.004320865094717152,0.009312352475970793
21,19,-2,-0.009507553310892751,0.011796573533713684
21,20,-1,0,NA
21,21,0,-0.015612460813928308,0.00433900446035569
21,22,1,-0.0031600273260224757,0.006921719363170748
21,23,2,-0.011351290243472027,0.009732691933905944
21,24,3,-0.004779191575916029,0.007099293167674049
21,25,4,-0.035308545378344186,0.009243584209426397
21,26,5,-0.019544037674312162,0.00891911202618262
21,27,6,-0.02516524827087787,0.017033956595023027
21,28,7,-0.020938835883314036,0.0120411159385189
21,29,8,-0.04214814264762477,0.010348611275970114
21,30,9,-0.022323286811921653,0.014961617094936666
21,31,10,-0.023098870799689114,0.018629322445263014
21,32,11,-0.018138650616444693,0.011787637803925903
21,33,12,-0.03501394848119203,0.015951764196670205
21,34,13,-0.012058744541412564,0.017816224893250857
21,35,14,-0.011024291169776795,0.022816466598846258
21,36,15,-0.011803481971562266,0.01893849595234316
21,37,16,-0.03708743005450448,0.01790737482188761
21,38,17,-0.012775372765117504,0.021648271547230875
21,39,18,-0.01248736635301774,0.024866634827517168
21,40,19,-0.01633662675019598,0.017384246580187886
21,41,20,-0.04610012686469442,0.020099366289382352
21,42,21,-0.020937423825224954,0.023358573814690774
21,43,22,-0.02346853494836161,0.027715708078896166
21,44,23,-0.030630387890330957,0.02270078160926136
23,1,-22,-0.06703286041893072,0.06724843633531268
23,2,-21,-0.07129024695204825,0.081146469069715
23,3,-20,-0.08553381681832513,0.09060160396080409
23,4,-19,-0.05952809686640506,0.06856292325151472
23,5,-18,-0.057742534010957636,0.05678920773617024
23,6,-17,-0.05705156372038711,0.05001932251796278
23,7,-16,-0.07380973950548825,0.06822063321075537
23,8,-15,-0.05541232874106357,0.052788143383148724
23,9,-14,-0.050826000733321525,0.04188721695509907
23,10,-13,-0.046445004486758534,0.03610965354274085
23,11,-12,-0.052370385272336825,0.04163506440950173
23,12,-11,-0.02553864186031307,0.023083162817153436
23,13,-10,-0.02488082232430533,0.01782172884591591
23,14,-9,-0.027057968985798403,0.020379408284581575
23,15,-8,-0.03516375619475294,0.02784852917713832
23,16,-7,-0.020582309925616785,0.018300604065704523
23,17,-6,-0.014881363142231069,0.011316899876631786
23,18,-5,-0.011552007073678226,0.011391848632736063
23,19,-4,-0.019384235611835186,0.014387429083082295
23,20,-3,-0.009186124085940946,0.006517163427703971
23,21,-2,-4.8706952377400997e-4,0.01128776583603708
23,22,-1,0,NA
23,23,0,-0.009149566799139128,0.010107510923853166
23,24,1,-8.514201117822383e-4,0.010274292295122089
23,25,2,0.006508554353368279,0.016169822180253205
23,26,3,0.003755632428042034,0.008713432715000812
23,27,4,-7.306945617728267e-4,0.005865288737040285
23,28,5,0.007060727577548942,0.013930030842479381
23,29,6,0.008640667249822579,0.01841419707432498
23,30,7,0.010732287734277472,0.015458175252003943
23,31,8,-2.909920302527902e-4,0.01000135101126655
23,32,9,0.006403662963642122,0.019800977602799624
23,33,10,0.007448362088163723,0.023742637060767756
23,34,11,0.015720100192501488,0.020284426150052017
23,35,12,0.0134927096560008,0.014834656968267742
23,36,13,0.01948757428594748,0.02960287919760784
23,37,14,0.02116297226324207,0.032142450657351246
23,38,15,0.024182471513921514,0.03184302520965553
23,39,16,0.02015841387451707,0.024557385118638305
23,40,17,0.0207759624241365,0.03516652746020736
23,41,18,0.01285268526799456,0.038670027616969006
23,42,19,0.0203102981727578,0.03477691571852387
23,43,20,0.016112617773197654,0.024741332235371845
23,44,21,0.01771018922585095,0.03962403084312694
24,1,-23,0.008930941039058088,0.00927396149203331
24,2,-22,0.02096775935434604,0.0065409296396228035
24,3,-21,0.019975009035440194,0.006114060809019114
24,4,-20,0.021626687309573178,0.0072574838551627135
24,5,-19,0.010698312033423862,0.008251918592564331
24,6,-18,0.017867731120865482,0.005676838620432931
24,7,-17,0.012583967481531802,0.005517628040564936
24,8,-16,0.008776492138894032,0.006373479686339382
24,9,-15,7.155765279841519e-4,0.008200820549320559
24,10,-14,0.005522075552829492,0.005224321978249782
24,11,-13,0.00452070915725683,0.004512359868983871
24,12,-12,0.00439669914847568,0.0063260171454705034
24,13,-11,0.004694606532548329,0.008081631422012287
24,14,-10,0.007035289719690634,0.004874070206096805
24,15,-9,0.008342195891515955,0.0036264305348892773
24,16,-8,0.01340596694315338,0.0059949784866672705
24,17,-7,0.0037162542182458402,0.00790589335550211
24,18,-6,-9.586977593013038e-4,0.0037935303963818716
24,19,-5,-0.0023485987472412102,0.0018359488395179582
24,20,-4,0.005008136375015695,0.005559540267729517
24,21,-3,-0.004173878088825453,0.00824470877319632
24,22,-2,-0.001985619474568311,0.004026240291711105
24,23,-1,0,NA
24,24,0,-0.0031615382507027313,0.005885508838418429
24,25,1,-0.01835201175756672,0.010191201275274097
24,26,2,-0.020350210157801866,0.005442594280756307
24,27,3,-0.01635781085689711,0.0023681904075655742
24,28,4,-0.020125461852136362,0.008195814641255857
24,29,5,-0.018342049446475883,0.011273866353319457
24,30,6,-0.01663851529535825,0.007556009200815232
24,31,7,-0.015413581751459862,0.005030990104624751
24,32,8,-0.014614947873371448,0.00929021424273783
24,33,9,-0.02080566657285055,0.009237306569548683
24,34,10,-0.01775944602619301,0.008207227444668203
24,35,11,-0.01624241771011216,0.006237779218720117
24,36,12,-0.02357925311676863,0.008348919806503265
24,37,13,-0.0345825219691718,0.010463292982695617
24,38,14,-0.03570476262518417,0.009148213477835884
24,39,15,-0.031799172611659245,0.00802461493780144
24,40,16,-0.03713080448259644,0.00984816677969294
24,41,17,-0.05138039462783668,0.01192681623516946
24,42,18,-0.04531879034871557,0.01129156778878269
24,43,19,-0.04446912276301382,0.010287800791570514
24,44,20,-0.05412434158474465,0.011511369496092577
25,1,-24,-0.00245942909357319,0.01916564029114437
25,2,-23,0.024257375442491513,0.015087535269249214
25,3,-22,0.04021743170765324,0.020160770082812706
25,4,-21,0.020092923269575763,0.013507548443273502
25,5,-20,0.007980149749383547,0.014120633444710085
25,6,-19,0.031764965864737885,0.014840602865886534
25,7,-18,0.049171996821167754,0.022083102511075432
25,8,-17,0.026363612665104036,0.011171400859387148
25,9,-16,0.013849555143929645,0.013977314129883456
25,10,-15,0.03241902757321628,0.014853958455548124
25,11,-14,0.04563480376070288,0.021922906951680195
25,12,-13,0.021323442278711954,0.009783547876441992
25,13,-12,0.010817860904329832,0.010782054063334953
25,14,-11,0.03249017317919553,0.012951843319044901
25,15,-10,0.04524228587344569,0.01929852838426831
25,16,-9,0.01944278049176513,0.007019536362223344
25,17,-8,0.006253920809029437,0.009853429390638319
25,18,-7,0.022995943349101378,0.01149537347828679
25,19,-6,0.02889393415098655,0.01746188935147026
25,20,-5,0.010885384922834203,0.004803749077164153
25,21,-4,-0.0021048182741634155,0.008695377514637769
25,22,-3,0.01168626055827292,0.00903666712934457
25,23,-2,0.02075404848272375,0.016200230518146164
25,24,-1,0,NA
25,25,0,-0.01834726027380297,0.008403188728095664
25,26,1,-0.0021308562730881497,0.011184902956936586
25,27,2,0.008425594922652165,0.01707382398651575
25,28,3,-0.014580644037843211,0.0038770397708242543
25,29,4,-0.025359681973175476,0.01044194865552135
25,30,5,-0.009431812606392156,0.010534350899807796
25,31,6,0.0036609289660213262,0.016796307813800513
25,32,7,-0.016965203025495618,0.007927761473182107
25,33,8,-0.027444807877896903,0.016248881300649384
25,34,9,-0.008313896955695316,0.011849776156741649
25,35,10,0.003123554833045758,0.016564205518673384
25,36,11,-0.024037178074595517,0.012827259729087707
25,37,12,-0.04020920484431631,0.017024482717887885
25,38,13,-0.019594484644095453,0.013332838222783673
25,39,14,-0.006308522362939384,0.01819345088198521
25,40,15,-0.0324845564376543,0.012230140635063278
25,41,16,-0.047905169960355876,0.018183185034250912
25,42,17,-0.024637346481009237,0.014206473873759555
25,43,18,-0.009442870884639187,0.018507934773191778
25,44,19,-0.03908248331220215,0.01413633392411436
29,1,-28,0.005507093625435111,0.006867304270750986
29,2,-27,-6.805162174052803e-4,0.00943942586011725
29,3,-26,-0.016398705082547982,0.012863685108210085
29,4,-25,-9.295087502073918e-4,0.008754336388460866
29,5,-24,-0.0013519847296077359,0.006596760913838552
29,6,-23,-0.010007993293332906,0.009132734979132947
29,7,-22,-0.027296810687140557,0.012980784155397058
29,8,-21,-0.009459150954790135,0.00810043942970565
29,9,-20,-0.009859082891208265,0.005816156710122491
29,10,-19,-0.015405230959943922,0.007790261020498534
29,11,-18,-0.027212345882621225,0.011909821930943539
29,12,-17,0.002799989386786189,0.007135452688377846
29,13,-16,0.003646573353314586,0.005596276990573486
29,14,-15,-0.009668194864372828,0.007529178019397523
29,15,-14,-0.028566354182730472,0.01047812075208685
29,16,-13,-0.00962775663161304,0.005941974297430413
29,17,-12,-0.007697368739302865,0.004560529649759642
29,18,-11,-0.018988936102211112,0.005874614145336644
29,19,-10,-0.037166028386154557,0.009761008151584073
29,20,-9,-0.027537799650937264,0.004132394788006266
29,21,-8,-0.012446515312320133,0.0030796178174894474
29,22,-7,-0.02056064166114063,0.004213087677002653
29,23,-6,-0.036732370764820485,0.008308688188600944
29,24,-5,-0.0175987178818209,0.0027680763067237392
29,25,-4,-0.011536917118983026,0.00295924504276521
29,26,-3,-0.017276441020237447,0.003071060279504232
29,27,-2,-0.02545297186155798,0.007337200449520077
29,28,-1,0,NA
29,29,0,0.005481804101671884,0.0032102916885958176
29,30,1,-0.0036303168357228258,0.0035409736736006156
29,31,2,-0.018986305406158657,0.007261901536083727
29,32,3,-0.0054866214063929095,0.0028750906258169853
29,33,4,-0.0011416198861992884,0.00423997244091466
29,34,5,-0.0077964673315250865,0.0046096772890512816
29,35,6,-0.02072769591354326,0.005679694109433433
29,36,7,-0.004181016111201065,0.004061696402871064
29,37,8,-5.114833557494543e-4,0.005757001834716832
29,38,9,-0.011263142932759596,0.006146079251685092
29,39,10,-0.01903742916611506,0.006727475934166548
29,40,11,-8.550228696056622e-4,0.0060728582775456535
29,41,12,0.0050703567354475,0.00765545716975472
29,42,13,-0.007537517962185714,0.00792546084592679
29,43,14,-0.016520131132087043,0.008163351136504465
29,44,15,0.0030205448000616836,0.007948459064169815
31,1,-30,-0.05007877739385658,0.009011344657591673
31,2,-29,-0.061216654545718396,0.009763304942807867
31,3,-28,-0.04706209548903739,0.013193140497065414
31,4,-27,-0.04459793934094511,0.009752177181500026
31,5,-26,-0.052031856721486774,0.008526667430130253
31,6,-25,-0.05730008613727072,0.00944896980414991
31,7,-24,-0.04742778119752736,0.012768386733842643
31,8,-23,-0.04780550063819283,0.009152915591375193
31,9,-22,-0.05080089283911546,0.008273772255584923
31,10,-21,-0.0617773441786473,0.008000068244196482
31,11,-20,-0.05009897426341542,0.011572911331288722
31,12,-19,-0.051879304680101185,0.008510896516267505
31,13,-18,-0.055601512385060864,0.008112581935588
31,14,-17,-0.05942720385699146,0.007911939890613342
31,15,-16,-0.039278269007196553,0.010745306583162924
31,16,-15,-0.04164712786923794,0.007711446818827845
31,17,-14,-0.0470522719657242,0.00726148828302927
31,18,-13,-0.04518288042702723,0.006174849978551089
31,19,-12,-0.03243398859929458,0.009253205985665765
31,20,-11,-0.03756686448894457,0.006102539127169263
31,21,-10,-0.03331845354590274,0.006193001812308652
31,22,-9,-0.03783000277509269,0.004687471419947156
31,23,-8,-0.024292558658444346,0.007696637808212752
31,24,-7,-0.02301722373116097,0.005376321443978704
31,25,-6,-0.01852207799903284,0.00596464368753515
31,26,-5,-0.01884335249129855,0.003298007946022224
31,27,-4,-0.0027757803254023702,0.006119386454457502
31,28,-3,-0.005463704513825406,0.003612452651845028
31,29,-2,-0.003393564300645184,0.005356258544574041
31,30,-1,0,NA
31,31,0,0.006523965620716072,0.005073010745619827
31,32,1,0.004708602492893572,0.0028311363449220234
31,33,2,0.005666008383547336,0.004051988611330129
31,34,3,0.013898815959886752,0.002209596135953691
31,35,4,0.027390435480093654,0.004258699154911544
31,36,5,0.020505441846500834,0.0032323118061591076
31,37,6,0.01635090593813532,0.004887153247300166
31,38,7,0.018626435440877154,0.003711438853020931
31,39,8,0.028538718215774965,0.004819494393383001
31,40,9,0.023768371365402535,0.004682313482307037
31,41,10,0.010427991697916193,0.006046749501015152
31,42,11,0.014636420061709988,0.005611217167456776
31,43,12,0.025716332492691736,0.006390759723921405
31,44,13,0.014345564919817831,0.006184684921355841
33,1,-32,-0.03869867340364763,0.012001584164058395
33,2,-31,-0.02569845292023279,0.04779449313853407
33,3,-30,0.0014490951242478178,0.08188736558596617
33,4,-29,-0.023943178305198293,0.04205161651036042
33,5,-28,-0.03426066249932497,0.017753413410995976
33,6,-27,-0.02365806166149939,0.05219644699470964
33,7,-26,0.001967555327128223,0.08455683956262199
33,8,-25,-0.0238445695636825,0.03798612565717258
33,9,-24,-0.034943328449214855,0.013437014323607138
33,10,-23,-0.0210899561383667,0.04553867062158785
33,11,-22,0.006520454073813756,0.07918386773295956
33,12,-21,-0.023860528909050466,0.029887552706818244
33,13,-20,-0.03773239372652329,0.012774267405527125
33,14,-19,-0.02292641331606364,0.04443692327581882
33,15,-18,-0.0013822122116852464,0.07027946281917709
33,16,-17,-0.029052215522165317,0.02371513413775521
33,17,-16,-0.03672245951326006,0.011823609845554034
33,18,-15,-0.01861535327806206,0.03834577762023205
33,19,-14,0.007514883812368117,0.06911975758422532
33,20,-13,-0.021381018705213264,0.018884945838996674
33,21,-12,-0.027508094639455735,0.013601233076819135
33,22,-11,-0.015640914045566875,0.02865353312187656
33,23,-10,0.011068430826903251,0.05968353603179011
33,24,-9,-0.018650883973675113,0.009909974302550886
33,25,-8,-0.02395465118014374,0.018341605598650102
33,26,-7,-0.009055832330639143,0.020020809630995954
33,27,-6,0.015013310118507513,0.050839751795027296
33,28,-5,-0.01598496125875595,0.003350220386953906
33,29,-4,-0.019455809352705467,0.02234441232707167
33,30,-3,-0.0028229953751816687,0.015645839658124293
33,31,-2,0.026980173338685545,0.04631076327918443
33,32,-1,0,NA
33,33,0,-0.008051141164189464,0.02114719501803492
33,34,1,0.00970564565525318,0.014692517833706635
33,35,2,0.03449258157979175,0.04459550546918848
33,36,3,0.009766091240628272,0.003126585116921554
33,37,4,9.107469646784522e-5,0.02825791335567725
33,38,5,0.018201724216313518,0.012277472072626585
33,39,6,0.0417762412856304,0.04532314541258677
33,40,7,0.014395270624237094,0.004927446123100845
33,41,8,9.052843696710465e-4,0.025102909096909643
33,42,9,0.018725951782458936,0.012459070464855806
33,43,10,0.0445289010309933,0.04141581806044768
33,44,11,0.011323534019190111,0.0075826508189364384
41,1,-40,0.011861396007542574,0.043053510799464643
41,2,-39,0.06161618730635107,0.023771907499932878
41,3,-38,0.0757266180314366,0.01743389615956947
41,4,-37,0.04619530511033071,0.029391538647696457
41,5,-36,0.016479062339241596,0.0398346852390582
41,6,-35,0.06669173153481418,0.01697006143415524
41,7,-34,0.09223544909282755,0.01960388067320836
41,8,-33,0.05490326671310189,0.02013831180207921
41,9,-32,0.017498763064875522,0.02766435671212543
41,10,-31,0.05634367083858832,0.013238657597587885
41,11,-30,0.07346271825642874,0.019442170183060114
41,12,-29,0.03159602775895248,0.022279190389043066
41,13,-28,0.009944378132118153,0.021352142917934632
41,14,-27,0.04897194368552682,0.012899881370384688
41,15,-26,0.054832522937165035,0.019340920702947337
41,16,-25,0.022855676605971625,0.019291010062983425
41,17,-24,0.004760520517496952,0.02147138274679878
41,18,-23,0.046939633908118644,0.01166200682315317
41,19,-22,0.053737981312157956,0.022401567414464595
41,20,-21,0.018023299669744988,0.015032087887838266
41,21,-20,-0.004356855202066134,0.021035088429321946
41,22,-19,0.03973205239894373,0.009017945745418665
41,23,-18,0.04595840775161904,0.020766987132201733
41,24,-17,0.014373111687423848,0.014454954460258532
41,25,-16,-0.011942933797310429,0.020429038373490565
41,26,-15,0.03393872444834743,0.01079238997046711
41,27,-14,0.049775841174581704,0.026907368133702543
41,28,-13,0.011081832660214841,0.01318400830238979
41,29,-12,-0.010413082900503835,0.020028667154627904
41,30,-11,0.037987591907465604,0.007405281717711225
41,31,-10,0.046363474435055424,0.025977912812210045
41,32,-9,0.011906799347327572,0.007047443971061628
41,33,-8,-0.006720360801122496,0.015606244552527897
41,34,-7,0.022243912484570964,0.005647555730125913
41,35,-6,0.04209961460188806,0.029126663114592194
41,36,-5,0.004981773738455181,0.005771288179020127
41,37,-4,-0.013992433677066003,0.01070149464471588
41,38,-3,0.028768023096561908,0.018511503374732313
41,39,-2,0.04090517730961902,0.03461096295903451
41,40,-1,0,NA
41,41,0,-0.0175632288547488,0.004850386970873665
41,42,1,0.027771322582150693,0.02272160814431544
41,43,2,0.03972643387754423,0.03841907940013154
41,44,3,0.003505611817313665,0.004041843589515009
